{"kZiraT4kT2Nw0H6EPgGZLw==":"logo_universitas_trunojoyo_madura-removebg-preview-96x96.png","68atia+7GS6FZ3wAfuHgTg==":"thumb_45a56-screenshot-228_resize_950-1000-689x455.jpg","jTurOyssL5rDva2pLDL/ZQ==":"illustrasi%20madura-736x736.jpg","DaYuSNp2pU2AC7Go5oKydA==":"10-630x420.jpg","hp0XbFS53KTcTUzhPDW6WQ==":"kkp%20dorong%20kemandirian%20garam%20nasional-450x300.jpg","jJU5CuGGkk0iVT9cbqa5UA==":"download%20set%20madura%20illustration_%20hand%20drawn%20indonesian%20cultures%20background%20for%20free-736x736.jpg","2LUtfJgkLbubug3W3fFSJQ==":"illustrasi%20madura-736x736.jpeg","iO1aEo733KLsTaR9tvUhmw==":"kkp%20dorong%20kemandirian%20garam%20nasional-450x300.jpeg","8tNq8obTRPuzIFPg73HbZQ==":"kkp%20dorong%20kemandirian%20garam%20nasional-450x300.jpeg","KaJrZtcxWbIImZZtbV1bag==":"8-630x420.jpg","FMWVRYCWtCLJJhRQFd95sA==":"2531678691.webp","q9KdgDiRB8Yz38S1HHSWrg==":"bendungan-cirebon-juli-23-2019-260nw-1461109529.webp","k9NiD2HzhJe6Zyl2LMyFUQ==":"petani-garam-indonesia-disiapkan-jadi-eksportir-untuk-penuh-permintaan-pasar-global-540x270.jpg","9b6l7g9yhqi6+2HECO/kbw==":"snorkeling%20di%20spot%20menawan%20wisata%20pulau%20pramuka-736x552.jpg","lTlHcUFgUTb065QXc9HE2w==":"peta_kluster_madura-mini-1-800x600.png","T+HI0S6ZGac3nYazWVLomQ==":"jembatan%20suramadu,%20jawa%20timur-678x450.jpg","U9GjTIqKTNw4T+GhRNFjJA==":"festival%20laut%20muncar%20_%20tradisi%20petik%20laut%20muncar,%20banyuwangi-692x460.jpg","xjsBig/3dCc/pZv4qWKfHw==":"petani-garam.webp"}